alpha,beta
0.7071067811865475,0.7071067811865475
1.0,0.0
0.0,1.0
0.5773502691896258,0.816496580927726
